n;nhsn_code;procedimiento_qx;descripcion;cie9
1;AAA;Reparación de aneurisma de aorta abdominal;Resección de la aorta abdominal con anastomosis o reemplazo de lamisma;38.34
2;AAA;Reparación de aneurisma de aorta abdominal;Resección de la aorta abdominal con anastomosis o reemplazo de lamisma;38.44
3;AAA;Reparación de aneurisma de aorta abdominal;Resección de la aorta abdominal con anastomosis o reemplazo de lamisma;38.64
4;AMP;Amputación de extremidad;Amputación o desarticulación total o parcial de una extremidad superior o inferior, incluyendo los dedos;84.00
5;AMP;Amputación de extremidad;Amputación o desarticulación total o parcial de una extremidad superior o inferior, incluyendo los dedos;84.01
6;AMP;Amputación de extremidad;Amputación o desarticulación total o parcial de una extremidad superior o inferior, incluyendo los dedos;84.02
7;AMP;Amputación de extremidad;Amputación o desarticulación total o parcial de una extremidad superior o inferior, incluyendo los dedos;84.03
8;AMP;Amputación de extremidad;Amputación o desarticulación total o parcial de una extremidad superior o inferior, incluyendo los dedos;84.04
9;AMP;Amputación de extremidad;Amputación o desarticulación total o parcial de una extremidad superior o inferior, incluyendo los dedos;84.05
10;AMP;Amputación de extremidad;Amputación o desarticulación total o parcial de una extremidad superior o inferior, incluyendo los dedos;84.06
11;AMP;Amputación de extremidad;Amputación o desarticulación total o parcial de una extremidad superior o inferior, incluyendo los dedos;84.07
12;AMP;Amputación de extremidad;Amputación o desarticulación total o parcial de una extremidad superior o inferior, incluyendo los dedos;84.08
13;AMP;Amputación de extremidad;Amputación o desarticulación total o parcial de una extremidad superior o inferior, incluyendo los dedos;84.09
14;AMP;Amputación de extremidad;Amputación o desarticulación total o parcial de una extremidad superior o inferior, incluyendo los dedos;84.10
15;AMP;Amputación de extremidad;Amputación o desarticulación total o parcial de una extremidad superior o inferior, incluyendo los dedos;84.11
16;AMP;Amputación de extremidad;Amputación o desarticulación total o parcial de una extremidad superior o inferior, incluyendo los dedos;84.12
17;AMP;Amputación de extremidad;Amputación o desarticulación total o parcial de una extremidad superior o inferior, incluyendo los dedos;84.13
18;AMP;Amputación de extremidad;Amputación o desarticulación total o parcial de una extremidad superior o inferior, incluyendo los dedos;84.14
19;AMP;Amputación de extremidad;Amputación o desarticulación total o parcial de una extremidad superior o inferior, incluyendo los dedos;84.15
20;AMP;Amputación de extremidad;Amputación o desarticulación total o parcial de una extremidad superior o inferior, incluyendo los dedos;84.16
21;AMP;Amputación de extremidad;Amputación o desarticulación total o parcial de una extremidad superior o inferior, incluyendo los dedos;84.17
22;AMP;Amputación de extremidad;Amputación o desarticulación total o parcial de una extremidad superior o inferior, incluyendo los dedos;84.18
23;AMP;Amputación de extremidad;Amputación o desarticulación total o parcial de una extremidad superior o inferior, incluyendo los dedos;84.19
24;AMP;Amputación de extremidad;Amputación o desarticulación total o parcial de una extremidad superior o inferior, incluyendo los dedos;84.91
25;APPY;Apendicectomía;Extirpación del apéndice (no incidental en otroprocedimiento quirúrgico);47.01
26;APPY;Apendicectomía;Extirpación del apéndice (no incidental en otroprocedimiento quirúrgico);47.09
27;APPY;Apendicectomía;Extirpación del apéndice (no incidental en otroprocedimiento quirúrgico);47.2
28;APPY;Apendicectomía;Extirpación del apéndice (no incidental en otroprocedimiento quirúrgico);47.91
29;APPY;Apendicectomía;Extirpación del apéndice (no incidental en otroprocedimiento quirúrgico);47.92
30;APPY;Apendicectomía;Extirpación del apéndice (no incidental en otroprocedimiento quirúrgico);47.99
31;AVSD;Fístula para diálisis renal;Arteriovenostomía para diálisis renal;39.27
32;AVSD;Fístula para diálisis renal;Arteriovenostomía para diálisis renal;39.42
33;BILI;Cirugía de vías biliares, hígado o páncreas;Escisión de las vías biliares o intervenciones en conductos biliares, hígado o páncreas (no incluye intervenciones sobre la vesícula biliar únicamente, p.e.: colecistectomía);50.0
34;BILI;Cirugía de vías biliares, hígado o páncreas;Escisión de las vías biliares o intervenciones en conductos biliares, hígado o páncreas (no incluye intervenciones sobre la vesícula biliar únicamente, p.e.: colecistectomía);50.12
35;BILI;Cirugía de vías biliares, hígado o páncreas;Escisión de las vías biliares o intervenciones en conductos biliares, hígado o páncreas (no incluye intervenciones sobre la vesícula biliar únicamente, p.e.: colecistectomía);50.14
36;BILI;Cirugía de vías biliares, hígado o páncreas;Escisión de las vías biliares o intervenciones en conductos biliares, hígado o páncreas (no incluye intervenciones sobre la vesícula biliar únicamente, p.e.: colecistectomía);50.21
37;BILI;Cirugía de vías biliares, hígado o páncreas;Escisión de las vías biliares o intervenciones en conductos biliares, hígado o páncreas (no incluye intervenciones sobre la vesícula biliar únicamente, p.e.: colecistectomía);50.22
38;BILI;Cirugía de vías biliares, hígado o páncreas;Escisión de las vías biliares o intervenciones en conductos biliares, hígado o páncreas (no incluye intervenciones sobre la vesícula biliar únicamente, p.e.: colecistectomía);50.23
39;BILI;Cirugía de vías biliares, hígado o páncreas;Escisión de las vías biliares o intervenciones en conductos biliares, hígado o páncreas (no incluye intervenciones sobre la vesícula biliar únicamente, p.e.: colecistectomía);50.25
40;BILI;Cirugía de vías biliares, hígado o páncreas;Escisión de las vías biliares o intervenciones en conductos biliares, hígado o páncreas (no incluye intervenciones sobre la vesícula biliar únicamente, p.e.: colecistectomía);50.26
41;BILI;Cirugía de vías biliares, hígado o páncreas;Escisión de las vías biliares o intervenciones en conductos biliares, hígado o páncreas (no incluye intervenciones sobre la vesícula biliar únicamente, p.e.: colecistectomía);50.29
42;BILI;Cirugía de vías biliares, hígado o páncreas;Escisión de las vías biliares o intervenciones en conductos biliares, hígado o páncreas (no incluye intervenciones sobre la vesícula biliar únicamente, p.e.: colecistectomía);50.3
43;BILI;Cirugía de vías biliares, hígado o páncreas;Escisión de las vías biliares o intervenciones en conductos biliares, hígado o páncreas (no incluye intervenciones sobre la vesícula biliar únicamente, p.e.: colecistectomía);50.4
44;BILI;Cirugía de vías biliares, hígado o páncreas;Escisión de las vías biliares o intervenciones en conductos biliares, hígado o páncreas (no incluye intervenciones sobre la vesícula biliar únicamente, p.e.: colecistectomía);50.61
45;BILI;Cirugía de vías biliares, hígado o páncreas;Escisión de las vías biliares o intervenciones en conductos biliares, hígado o páncreas (no incluye intervenciones sobre la vesícula biliar únicamente, p.e.: colecistectomía);50.69
46;BILI;Cirugía de vías biliares, hígado o páncreas;Escisión de las vías biliares o intervenciones en conductos biliares, hígado o páncreas (no incluye intervenciones sobre la vesícula biliar únicamente, p.e.: colecistectomía);51.31
47;BILI;Cirugía de vías biliares, hígado o páncreas;Escisión de las vías biliares o intervenciones en conductos biliares, hígado o páncreas (no incluye intervenciones sobre la vesícula biliar únicamente, p.e.: colecistectomía);51.32
48;BILI;Cirugía de vías biliares, hígado o páncreas;Escisión de las vías biliares o intervenciones en conductos biliares, hígado o páncreas (no incluye intervenciones sobre la vesícula biliar únicamente, p.e.: colecistectomía);51.33
49;BILI;Cirugía de vías biliares, hígado o páncreas;Escisión de las vías biliares o intervenciones en conductos biliares, hígado o páncreas (no incluye intervenciones sobre la vesícula biliar únicamente, p.e.: colecistectomía);51.34
50;BILI;Cirugía de vías biliares, hígado o páncreas;Escisión de las vías biliares o intervenciones en conductos biliares, hígado o páncreas (no incluye intervenciones sobre la vesícula biliar únicamente, p.e.: colecistectomía);51.35
51;BILI;Cirugía de vías biliares, hígado o páncreas;Escisión de las vías biliares o intervenciones en conductos biliares, hígado o páncreas (no incluye intervenciones sobre la vesícula biliar únicamente, p.e.: colecistectomía);51.36
52;BILI;Cirugía de vías biliares, hígado o páncreas;Escisión de las vías biliares o intervenciones en conductos biliares, hígado o páncreas (no incluye intervenciones sobre la vesícula biliar únicamente, p.e.: colecistectomía);51.37
53;BILI;Cirugía de vías biliares, hígado o páncreas;Escisión de las vías biliares o intervenciones en conductos biliares, hígado o páncreas (no incluye intervenciones sobre la vesícula biliar únicamente, p.e.: colecistectomía);51.39
54;BILI;Cirugía de vías biliares, hígado o páncreas;Escisión de las vías biliares o intervenciones en conductos biliares, hígado o páncreas (no incluye intervenciones sobre la vesícula biliar únicamente, p.e.: colecistectomía);51.41
55;BILI;Cirugía de vías biliares, hígado o páncreas;Escisión de las vías biliares o intervenciones en conductos biliares, hígado o páncreas (no incluye intervenciones sobre la vesícula biliar únicamente, p.e.: colecistectomía);51.42
56;BILI;Cirugía de vías biliares, hígado o páncreas;Escisión de las vías biliares o intervenciones en conductos biliares, hígado o páncreas (no incluye intervenciones sobre la vesícula biliar únicamente, p.e.: colecistectomía);51.43
57;BILI;Cirugía de vías biliares, hígado o páncreas;Escisión de las vías biliares o intervenciones en conductos biliares, hígado o páncreas (no incluye intervenciones sobre la vesícula biliar únicamente, p.e.: colecistectomía);51.49
58;BILI;Cirugía de vías biliares, hígado o páncreas;Escisión de las vías biliares o intervenciones en conductos biliares, hígado o páncreas (no incluye intervenciones sobre la vesícula biliar únicamente, p.e.: colecistectomía);51.51
59;BILI;Cirugía de vías biliares, hígado o páncreas;Escisión de las vías biliares o intervenciones en conductos biliares, hígado o páncreas (no incluye intervenciones sobre la vesícula biliar únicamente, p.e.: colecistectomía);51.59
60;BILI;Cirugía de vías biliares, hígado o páncreas;Escisión de las vías biliares o intervenciones en conductos biliares, hígado o páncreas (no incluye intervenciones sobre la vesícula biliar únicamente, p.e.: colecistectomía);51.61
61;BILI;Cirugía de vías biliares, hígado o páncreas;Escisión de las vías biliares o intervenciones en conductos biliares, hígado o páncreas (no incluye intervenciones sobre la vesícula biliar únicamente, p.e.: colecistectomía);51.62
62;BILI;Cirugía de vías biliares, hígado o páncreas;Escisión de las vías biliares o intervenciones en conductos biliares, hígado o páncreas (no incluye intervenciones sobre la vesícula biliar únicamente, p.e.: colecistectomía);51.63
63;BILI;Cirugía de vías biliares, hígado o páncreas;Escisión de las vías biliares o intervenciones en conductos biliares, hígado o páncreas (no incluye intervenciones sobre la vesícula biliar únicamente, p.e.: colecistectomía);51.69
64;BILI;Cirugía de vías biliares, hígado o páncreas;Escisión de las vías biliares o intervenciones en conductos biliares, hígado o páncreas (no incluye intervenciones sobre la vesícula biliar únicamente, p.e.: colecistectomía);51.71
65;BILI;Cirugía de vías biliares, hígado o páncreas;Escisión de las vías biliares o intervenciones en conductos biliares, hígado o páncreas (no incluye intervenciones sobre la vesícula biliar únicamente, p.e.: colecistectomía);51.72
66;BILI;Cirugía de vías biliares, hígado o páncreas;Escisión de las vías biliares o intervenciones en conductos biliares, hígado o páncreas (no incluye intervenciones sobre la vesícula biliar únicamente, p.e.: colecistectomía);51.79
67;BILI;Cirugía de vías biliares, hígado o páncreas;Escisión de las vías biliares o intervenciones en conductos biliares, hígado o páncreas (no incluye intervenciones sobre la vesícula biliar únicamente, p.e.: colecistectomía);51.81
68;BILI;Cirugía de vías biliares, hígado o páncreas;Escisión de las vías biliares o intervenciones en conductos biliares, hígado o páncreas (no incluye intervenciones sobre la vesícula biliar únicamente, p.e.: colecistectomía);51.82
69;BILI;Cirugía de vías biliares, hígado o páncreas;Escisión de las vías biliares o intervenciones en conductos biliares, hígado o páncreas (no incluye intervenciones sobre la vesícula biliar únicamente, p.e.: colecistectomía);51.83
70;BILI;Cirugía de vías biliares, hígado o páncreas;Escisión de las vías biliares o intervenciones en conductos biliares, hígado o páncreas (no incluye intervenciones sobre la vesícula biliar únicamente, p.e.: colecistectomía);51.89
71;BILI;Cirugía de vías biliares, hígado o páncreas;Escisión de las vías biliares o intervenciones en conductos biliares, hígado o páncreas (no incluye intervenciones sobre la vesícula biliar únicamente, p.e.: colecistectomía);51.91
72;BILI;Cirugía de vías biliares, hígado o páncreas;Escisión de las vías biliares o intervenciones en conductos biliares, hígado o páncreas (no incluye intervenciones sobre la vesícula biliar únicamente, p.e.: colecistectomía);51.92
73;BILI;Cirugía de vías biliares, hígado o páncreas;Escisión de las vías biliares o intervenciones en conductos biliares, hígado o páncreas (no incluye intervenciones sobre la vesícula biliar únicamente, p.e.: colecistectomía);51.93
74;BILI;Cirugía de vías biliares, hígado o páncreas;Escisión de las vías biliares o intervenciones en conductos biliares, hígado o páncreas (no incluye intervenciones sobre la vesícula biliar únicamente, p.e.: colecistectomía);51.94
75;BILI;Cirugía de vías biliares, hígado o páncreas;Escisión de las vías biliares o intervenciones en conductos biliares, hígado o páncreas (no incluye intervenciones sobre la vesícula biliar únicamente, p.e.: colecistectomía);51.95
76;BILI;Cirugía de vías biliares, hígado o páncreas;Escisión de las vías biliares o intervenciones en conductos biliares, hígado o páncreas (no incluye intervenciones sobre la vesícula biliar únicamente, p.e.: colecistectomía);51.99
77;BILI;Cirugía de vías biliares, hígado o páncreas;Escisión de las vías biliares o intervenciones en conductos biliares, hígado o páncreas (no incluye intervenciones sobre la vesícula biliar únicamente, p.e.: colecistectomía);52.09
78;BILI;Cirugía de vías biliares, hígado o páncreas;Escisión de las vías biliares o intervenciones en conductos biliares, hígado o páncreas (no incluye intervenciones sobre la vesícula biliar únicamente, p.e.: colecistectomía);52.12
79;BILI;Cirugía de vías biliares, hígado o páncreas;Escisión de las vías biliares o intervenciones en conductos biliares, hígado o páncreas (no incluye intervenciones sobre la vesícula biliar únicamente, p.e.: colecistectomía);52.22
80;BILI;Cirugía de vías biliares, hígado o páncreas;Escisión de las vías biliares o intervenciones en conductos biliares, hígado o páncreas (no incluye intervenciones sobre la vesícula biliar únicamente, p.e.: colecistectomía);52.3
81;BILI;Cirugía de vías biliares, hígado o páncreas;Escisión de las vías biliares o intervenciones en conductos biliares, hígado o páncreas (no incluye intervenciones sobre la vesícula biliar únicamente, p.e.: colecistectomía);52.4
82;BILI;Cirugía de vías biliares, hígado o páncreas;Escisión de las vías biliares o intervenciones en conductos biliares, hígado o páncreas (no incluye intervenciones sobre la vesícula biliar únicamente, p.e.: colecistectomía);52.51
83;BILI;Cirugía de vías biliares, hígado o páncreas;Escisión de las vías biliares o intervenciones en conductos biliares, hígado o páncreas (no incluye intervenciones sobre la vesícula biliar únicamente, p.e.: colecistectomía);52.52
84;BILI;Cirugía de vías biliares, hígado o páncreas;Escisión de las vías biliares o intervenciones en conductos biliares, hígado o páncreas (no incluye intervenciones sobre la vesícula biliar únicamente, p.e.: colecistectomía);52.53
85;BILI;Cirugía de vías biliares, hígado o páncreas;Escisión de las vías biliares o intervenciones en conductos biliares, hígado o páncreas (no incluye intervenciones sobre la vesícula biliar únicamente, p.e.: colecistectomía);52.59
86;BILI;Cirugía de vías biliares, hígado o páncreas;Escisión de las vías biliares o intervenciones en conductos biliares, hígado o páncreas (no incluye intervenciones sobre la vesícula biliar únicamente, p.e.: colecistectomía);52.6
87;BILI;Cirugía de vías biliares, hígado o páncreas;Escisión de las vías biliares o intervenciones en conductos biliares, hígado o páncreas (no incluye intervenciones sobre la vesícula biliar únicamente, p.e.: colecistectomía);52.7
88;BILI;Cirugía de vías biliares, hígado o páncreas;Escisión de las vías biliares o intervenciones en conductos biliares, hígado o páncreas (no incluye intervenciones sobre la vesícula biliar únicamente, p.e.: colecistectomía);52.92
89;BILI;Cirugía de vías biliares, hígado o páncreas;Escisión de las vías biliares o intervenciones en conductos biliares, hígado o páncreas (no incluye intervenciones sobre la vesícula biliar únicamente, p.e.: colecistectomía);52.95
90;BILI;Cirugía de vías biliares, hígado o páncreas;Escisión de las vías biliares o intervenciones en conductos biliares, hígado o páncreas (no incluye intervenciones sobre la vesícula biliar únicamente, p.e.: colecistectomía);52.96
91;BILI;Cirugía de vías biliares, hígado o páncreas;Escisión de las vías biliares o intervenciones en conductos biliares, hígado o páncreas (no incluye intervenciones sobre la vesícula biliar únicamente, p.e.: colecistectomía);52.99
92;BRST;Operaciones sobre la mama;Escisión de lesiones o tejido mamario incluyendo la resección radical, modificada o de cuadrantes, lumpectomía, biopsia abierta, o mamoplastia.;85.12
93;BRST;Operaciones sobre la mama;Escisión de lesiones o tejido mamario incluyendo la resección radical, modificada o de cuadrantes, lumpectomía, biopsia abierta, o mamoplastia.;85.20-85.23
94;BRST;Operaciones sobre la mama;Escisión de lesiones o tejido mamario incluyendo la resección radical, modificada o de cuadrantes, lumpectomía, biopsia abierta, o mamoplastia.;85.31-85.36
95;BRST;Operaciones sobre la mama;Escisión de lesiones o tejido mamario incluyendo la resección radical, modificada o de cuadrantes, lumpectomía, biopsia abierta, o mamoplastia.;85.41-85.48
96;BRST;Operaciones sobre la mama;Escisión de lesiones o tejido mamario incluyendo la resección radical, modificada o de cuadrantes, lumpectomía, biopsia abierta, o mamoplastia.;85.50
97;BRST;Operaciones sobre la mama;Escisión de lesiones o tejido mamario incluyendo la resección radical, modificada o de cuadrantes, lumpectomía, biopsia abierta, o mamoplastia.;85.53
98;BRST;Operaciones sobre la mama;Escisión de lesiones o tejido mamario incluyendo la resección radical, modificada o de cuadrantes, lumpectomía, biopsia abierta, o mamoplastia.;85.54
99;BRST;Operaciones sobre la mama;Escisión de lesiones o tejido mamario incluyendo la resección radical, modificada o de cuadrantes, lumpectomía, biopsia abierta, o mamoplastia.;85.6
100;BRST;Operaciones sobre la mama;Escisión de lesiones o tejido mamario incluyendo la resección radical, modificada o de cuadrantes, lumpectomía, biopsia abierta, o mamoplastia.;85.70-85.76
101;BRST;Operaciones sobre la mama;Escisión de lesiones o tejido mamario incluyendo la resección radical, modificada o de cuadrantes, lumpectomía, biopsia abierta, o mamoplastia.;85.79
102;BRST;Operaciones sobre la mama;Escisión de lesiones o tejido mamario incluyendo la resección radical, modificada o de cuadrantes, lumpectomía, biopsia abierta, o mamoplastia.;85.9385.96
103;CARD;Cirugía cardiaca;Procedimientos en las válvulas o septo del corazón. No incluye el injerto de “bypass” de arteria coronaria, la cirugía de los grandes vasos, trasplante cardiaco, o la implantación de marcapasos;35.00-35.04
104;CARD;Cirugía cardiaca;Procedimientos en las válvulas o septo del corazón. No incluye el injerto de “bypass” de arteria coronaria, la cirugía de los grandes vasos, trasplante cardiaco, o la implantación de marcapasos;35.10-35.14
105;CARD;Cirugía cardiaca;Procedimientos en las válvulas o septo del corazón. No incluye el injerto de “bypass” de arteria coronaria, la cirugía de los grandes vasos, trasplante cardiaco, o la implantación de marcapasos;35.20-35.28
106;CARD;Cirugía cardiaca;Procedimientos en las válvulas o septo del corazón. No incluye el injerto de “bypass” de arteria coronaria, la cirugía de los grandes vasos, trasplante cardiaco, o la implantación de marcapasos;35.31-35.35
107;CARD;Cirugía cardiaca;Procedimientos en las válvulas o septo del corazón. No incluye el injerto de “bypass” de arteria coronaria, la cirugía de los grandes vasos, trasplante cardiaco, o la implantación de marcapasos;35.39
108;CARD;Cirugía cardiaca;Procedimientos en las válvulas o septo del corazón. No incluye el injerto de “bypass” de arteria coronaria, la cirugía de los grandes vasos, trasplante cardiaco, o la implantación de marcapasos;35.42
109;CARD;Cirugía cardiaca;Procedimientos en las válvulas o septo del corazón. No incluye el injerto de “bypass” de arteria coronaria, la cirugía de los grandes vasos, trasplante cardiaco, o la implantación de marcapasos;35.50
110;CARD;Cirugía cardiaca;Procedimientos en las válvulas o septo del corazón. No incluye el injerto de “bypass” de arteria coronaria, la cirugía de los grandes vasos, trasplante cardiaco, o la implantación de marcapasos;35.51
111;CARD;Cirugía cardiaca;Procedimientos en las válvulas o septo del corazón. No incluye el injerto de “bypass” de arteria coronaria, la cirugía de los grandes vasos, trasplante cardiaco, o la implantación de marcapasos;35.53
112;CARD;Cirugía cardiaca;Procedimientos en las válvulas o septo del corazón. No incluye el injerto de “bypass” de arteria coronaria, la cirugía de los grandes vasos, trasplante cardiaco, o la implantación de marcapasos;35.54
113;CARD;Cirugía cardiaca;Procedimientos en las válvulas o septo del corazón. No incluye el injerto de “bypass” de arteria coronaria, la cirugía de los grandes vasos, trasplante cardiaco, o la implantación de marcapasos;35.60-35.63
114;CARD;Cirugía cardiaca;Procedimientos en las válvulas o septo del corazón. No incluye el injerto de “bypass” de arteria coronaria, la cirugía de los grandes vasos, trasplante cardiaco, o la implantación de marcapasos;35.70-35.73
115;CARD;Cirugía cardiaca;Procedimientos en las válvulas o septo del corazón. No incluye el injerto de “bypass” de arteria coronaria, la cirugía de los grandes vasos, trasplante cardiaco, o la implantación de marcapasos;35.81-35.84
116;CARD;Cirugía cardiaca;Procedimientos en las válvulas o septo del corazón. No incluye el injerto de “bypass” de arteria coronaria, la cirugía de los grandes vasos, trasplante cardiaco, o la implantación de marcapasos;35.91-35.95
117;CARD;Cirugía cardiaca;Procedimientos en las válvulas o septo del corazón. No incluye el injerto de “bypass” de arteria coronaria, la cirugía de los grandes vasos, trasplante cardiaco, o la implantación de marcapasos;35.98-35.99
118;CARD;Cirugía cardiaca;Procedimientos en las válvulas o septo del corazón. No incluye el injerto de “bypass” de arteria coronaria, la cirugía de los grandes vasos, trasplante cardiaco, o la implantación de marcapasos;37.10
119;CARD;Cirugía cardiaca;Procedimientos en las válvulas o septo del corazón. No incluye el injerto de “bypass” de arteria coronaria, la cirugía de los grandes vasos, trasplante cardiaco, o la implantación de marcapasos;37.11
120;CARD;Cirugía cardiaca;Procedimientos en las válvulas o septo del corazón. No incluye el injerto de “bypass” de arteria coronaria, la cirugía de los grandes vasos, trasplante cardiaco, o la implantación de marcapasos;37.24
121;CARD;Cirugía cardiaca;Procedimientos en las válvulas o septo del corazón. No incluye el injerto de “bypass” de arteria coronaria, la cirugía de los grandes vasos, trasplante cardiaco, o la implantación de marcapasos;37.31-37.33
122;CARD;Cirugía cardiaca;Procedimientos en las válvulas o septo del corazón. No incluye el injerto de “bypass” de arteria coronaria, la cirugía de los grandes vasos, trasplante cardiaco, o la implantación de marcapasos;37.35
123;CARD;Cirugía cardiaca;Procedimientos en las válvulas o septo del corazón. No incluye el injerto de “bypass” de arteria coronaria, la cirugía de los grandes vasos, trasplante cardiaco, o la implantación de marcapasos;37.36
124;CARD;Cirugía cardiaca;Procedimientos en las válvulas o septo del corazón. No incluye el injerto de “bypass” de arteria coronaria, la cirugía de los grandes vasos, trasplante cardiaco, o la implantación de marcapasos;37.41
125;CARD;Cirugía cardiaca;Procedimientos en las válvulas o septo del corazón. No incluye el injerto de “bypass” de arteria coronaria, la cirugía de los grandes vasos, trasplante cardiaco, o la implantación de marcapasos;37.49
126;CARD;Cirugía cardiaca;Procedimientos en las válvulas o septo del corazón. No incluye el injerto de “bypass” de arteria coronaria, la cirugía de los grandes vasos, trasplante cardiaco, o la implantación de marcapasos;37.60
127;CEA;Endarterectomía carotidea;Endarterectomía de los vasos de la cabeza y cuello (incluye la arteriacarótida y la vena yugular);38.12
128;CBGB;Injerto de “bypass” de arteria coronaria con incisiones en el tórax y en el lugar de donación del injerto;"Cirugía torácica para realizar revascularización directa del corazón; incluye la obtención del injerto venoso del lugar de donación";36.10-36.14
129;CBGB;Injerto de “bypass” de arteria coronaria con incisiones en el tórax y en el lugar de donación del injerto;"Cirugía torácica para realizar revascularización directa del corazón; incluye la obtención del injerto venoso del lugar de donación";36.19
130;CBGC;Injerto de “bypass” de arteria coronaria con incisión sólo en el tórax;Cirugía torácica para realizar revascularización directa del corazón usando, por ejemplo, la arteria mamaria interna;36.15-36.17
131;CBGC;Injerto de “bypass” de arteria coronaria con incisión sólo en el tórax;Cirugía torácica para realizar revascularización directa del corazón usando, por ejemplo, la arteria mamaria interna;36.2
132;CHOL;Cirugía de la vesícula biliar;Colecistectomía y colecistotomía;51.03
133;CHOL;Cirugía de la vesícula biliar;Colecistectomía y colecistotomía;51.04
134;CHOL;Cirugía de la vesícula biliar;Colecistectomía y colecistotomía;51.13
135;CHOL;Cirugía de la vesícula biliar;Colecistectomía y colecistotomía;51.21-51.24
136;COLO;Cirugía del colon;"Incisión, resección, o anastomosis del intestino grueso; incluye anastomosis entre el intestino delgado y grueso. No se incluye la cirugía rectal";17.31-17.36
137;COLO;Cirugía del colon;"Incisión, resección, o anastomosis del intestino grueso; incluye anastomosis entre el intestino delgado y grueso. No se incluye la cirugía rectal";17.39
138;COLO;Cirugía del colon;"Incisión, resección, o anastomosis del intestino grueso; incluye anastomosis entre el intestino delgado y grueso. No se incluye la cirugía rectal";45.03
139;COLO;Cirugía del colon;"Incisión, resección, o anastomosis del intestino grueso; incluye anastomosis entre el intestino delgado y grueso. No se incluye la cirugía rectal";45.26
140;COLO;Cirugía del colon;"Incisión, resección, o anastomosis del intestino grueso; incluye anastomosis entre el intestino delgado y grueso. No se incluye la cirugía rectal";45.41
141;COLO;Cirugía del colon;"Incisión, resección, o anastomosis del intestino grueso; incluye anastomosis entre el intestino delgado y grueso. No se incluye la cirugía rectal";45.49
142;COLO;Cirugía del colon;"Incisión, resección, o anastomosis del intestino grueso; incluye anastomosis entre el intestino delgado y grueso. No se incluye la cirugía rectal";45.52
143;COLO;Cirugía del colon;"Incisión, resección, o anastomosis del intestino grueso; incluye anastomosis entre el intestino delgado y grueso. No se incluye la cirugía rectal";45.71-45.76
144;COLO;Cirugía del colon;"Incisión, resección, o anastomosis del intestino grueso; incluye anastomosis entre el intestino delgado y grueso. No se incluye la cirugía rectal";45.79
145;COLO;Cirugía del colon;"Incisión, resección, o anastomosis del intestino grueso; incluye anastomosis entre el intestino delgado y grueso. No se incluye la cirugía rectal";45.81-45.83
146;COLO;Cirugía del colon;"Incisión, resección, o anastomosis del intestino grueso; incluye anastomosis entre el intestino delgado y grueso. No se incluye la cirugía rectal";45.92-45.95
147;COLO;Cirugía del colon;"Incisión, resección, o anastomosis del intestino grueso; incluye anastomosis entre el intestino delgado y grueso. No se incluye la cirugía rectal";46.03
148;COLO;Cirugía del colon;"Incisión, resección, o anastomosis del intestino grueso; incluye anastomosis entre el intestino delgado y grueso. No se incluye la cirugía rectal";46.04
149;COLO;Cirugía del colon;"Incisión, resección, o anastomosis del intestino grueso; incluye anastomosis entre el intestino delgado y grueso. No se incluye la cirugía rectal";46.10
150;COLO;Cirugía del colon;"Incisión, resección, o anastomosis del intestino grueso; incluye anastomosis entre el intestino delgado y grueso. No se incluye la cirugía rectal";46.11
151;COLO;Cirugía del colon;"Incisión, resección, o anastomosis del intestino grueso; incluye anastomosis entre el intestino delgado y grueso. No se incluye la cirugía rectal";46.13
152;COLO;Cirugía del colon;"Incisión, resección, o anastomosis del intestino grueso; incluye anastomosis entre el intestino delgado y grueso. No se incluye la cirugía rectal";46.14
153;COLO;Cirugía del colon;"Incisión, resección, o anastomosis del intestino grueso; incluye anastomosis entre el intestino delgado y grueso. No se incluye la cirugía rectal";46.43
154;COLO;Cirugía del colon;"Incisión, resección, o anastomosis del intestino grueso; incluye anastomosis entre el intestino delgado y grueso. No se incluye la cirugía rectal";46.52
155;COLO;Cirugía del colon;"Incisión, resección, o anastomosis del intestino grueso; incluye anastomosis entre el intestino delgado y grueso. No se incluye la cirugía rectal";46.75
156;COLO;Cirugía del colon;"Incisión, resección, o anastomosis del intestino grueso; incluye anastomosis entre el intestino delgado y grueso. No se incluye la cirugía rectal";46.76
157;COLO;Cirugía del colon;"Incisión, resección, o anastomosis del intestino grueso; incluye anastomosis entre el intestino delgado y grueso. No se incluye la cirugía rectal";46.94
158;CRAN;Craneotomía;Incisión a través del cráneo para extirpar, reparar o explorar el cerebro. No incluye la colocación de válvulas de derivación de líquido;01.12
159;CRAN;Craneotomía;Incisión a través del cráneo para extirpar, reparar o explorar el cerebro. No incluye la colocación de válvulas de derivación de líquido;01.14
160;CRAN;Craneotomía;Incisión a través del cráneo para extirpar, reparar o explorar el cerebro. No incluye la colocación de válvulas de derivación de líquido;01.21-01.25
161;CRAN;Craneotomía;Incisión a través del cráneo para extirpar, reparar o explorar el cerebro. No incluye la colocación de válvulas de derivación de líquido;01.28
162;CRAN;Craneotomía;Incisión a través del cráneo para extirpar, reparar o explorar el cerebro. No incluye la colocación de válvulas de derivación de líquido;01.31
163;CRAN;Craneotomía;Incisión a través del cráneo para extirpar, reparar o explorar el cerebro. No incluye la colocación de válvulas de derivación de líquido;01.32
164;CRAN;Craneotomía;Incisión a través del cráneo para extirpar, reparar o explorar el cerebro. No incluye la colocación de válvulas de derivación de líquido;01.39
165;CRAN;Craneotomía;Incisión a través del cráneo para extirpar, reparar o explorar el cerebro. No incluye la colocación de válvulas de derivación de líquido;01.41
166;CRAN;Craneotomía;Incisión a través del cráneo para extirpar, reparar o explorar el cerebro. No incluye la colocación de válvulas de derivación de líquido;01.42
167;CRAN;Craneotomía;Incisión a través del cráneo para extirpar, reparar o explorar el cerebro. No incluye la colocación de válvulas de derivación de líquido;01.51-01.53
168;CRAN;Craneotomía;Incisión a través del cráneo para extirpar, reparar o explorar el cerebro. No incluye la colocación de válvulas de derivación de líquido;01.59
169;CRAN;Craneotomía;Incisión a través del cráneo para extirpar, reparar o explorar el cerebro. No incluye la colocación de válvulas de derivación de líquido;02.11-02.14
170;CRAN;Craneotomía;Incisión a través del cráneo para extirpar, reparar o explorar el cerebro. No incluye la colocación de válvulas de derivación de líquido;02.91-02.93
171;CRAN;Craneotomía;Incisión a través del cráneo para extirpar, reparar o explorar el cerebro. No incluye la colocación de válvulas de derivación de líquido;07.51-07.54
172;CRAN;Craneotomía;Incisión a través del cráneo para extirpar, reparar o explorar el cerebro. No incluye la colocación de válvulas de derivación de líquido;07.59
173;CRAN;Craneotomía;Incisión a través del cráneo para extirpar, reparar o explorar el cerebro. No incluye la colocación de válvulas de derivación de líquido;07.61-07.65
174;CRAN;Craneotomía;Incisión a través del cráneo para extirpar, reparar o explorar el cerebro. No incluye la colocación de válvulas de derivación de líquido;07.68
175;CRAN;Craneotomía;Incisión a través del cráneo para extirpar, reparar o explorar el cerebro. No incluye la colocación de válvulas de derivación de líquido;07.69
176;CRAN;Craneotomía;Incisión a través del cráneo para extirpar, reparar o explorar el cerebro. No incluye la colocación de válvulas de derivación de líquido;07.71
177;CRAN;Craneotomía;Incisión a través del cráneo para extirpar, reparar o explorar el cerebro. No incluye la colocación de válvulas de derivación de líquido;07.72
178;CRAN;Craneotomía;Incisión a través del cráneo para extirpar, reparar o explorar el cerebro. No incluye la colocación de válvulas de derivación de líquido;07.79
179;CRAN;Craneotomía;Incisión a través del cráneo para extirpar, reparar o explorar el cerebro. No incluye la colocación de válvulas de derivación de líquido;38.01
180;CRAN;Craneotomía;Incisión a través del cráneo para extirpar, reparar o explorar el cerebro. No incluye la colocación de válvulas de derivación de líquido;38.11
181;CRAN;Craneotomía;Incisión a través del cráneo para extirpar, reparar o explorar el cerebro. No incluye la colocación de válvulas de derivación de líquido;38.31
182;CRAN;Craneotomía;Incisión a través del cráneo para extirpar, reparar o explorar el cerebro. No incluye la colocación de válvulas de derivación de líquido;38.41
183;CRAN;Craneotomía;Incisión a través del cráneo para extirpar, reparar o explorar el cerebro. No incluye la colocación de válvulas de derivación de líquido;38.51
184;CRAN;Craneotomía;Incisión a través del cráneo para extirpar, reparar o explorar el cerebro. No incluye la colocación de válvulas de derivación de líquido;38.61
185;CRAN;Craneotomía;Incisión a través del cráneo para extirpar, reparar o explorar el cerebro. No incluye la colocación de válvulas de derivación de líquido;38.81
186;CRAN;Craneotomía;Incisión a través del cráneo para extirpar, reparar o explorar el cerebro. No incluye la colocación de válvulas de derivación de líquido;39.28
187;CSEC;Cesárea;Parto por cesárea;74.0
188;CSEC;Cesárea;Parto por cesárea;74.1
189;CSEC;Cesárea;Parto por cesárea;74.2
190;CSEC;Cesárea;Parto por cesárea;74.4
191;CSEC;Cesárea;Parto por cesárea;74.91
192;CSEC;Cesárea;Parto por cesárea;74.99
193;FUSN;Fusión vertebral;Inmovilización de la columna vertebral;81.00-81.08
194;FX;Reducción abierta de fractura;"Reducción abierta de fractura o dislocación de los huesos largos que requiere fijación interna o externa; no incluye la colocación conjunta de prótesis";79.21
195;FX;Reducción abierta de fractura;"Reducción abierta de fractura o dislocación de los huesos largos que requiere fijación interna o externa; no incluye la colocación conjunta de prótesis";79.22
196;FX;Reducción abierta de fractura;"Reducción abierta de fractura o dislocación de los huesos largos que requiere fijación interna o externa; no incluye la colocación conjunta de prótesis";79.25
197;FX;Reducción abierta de fractura;"Reducción abierta de fractura o dislocación de los huesos largos que requiere fijación interna o externa; no incluye la colocación conjunta de prótesis";79.26
198;FX;Reducción abierta de fractura;"Reducción abierta de fractura o dislocación de los huesos largos que requiere fijación interna o externa; no incluye la colocación conjunta de prótesis";79.31
199;FX;Reducción abierta de fractura;"Reducción abierta de fractura o dislocación de los huesos largos que requiere fijación interna o externa; no incluye la colocación conjunta de prótesis";79.32
200;FX;Reducción abierta de fractura;"Reducción abierta de fractura o dislocación de los huesos largos que requiere fijación interna o externa; no incluye la colocación conjunta de prótesis";79.35
201;FX;Reducción abierta de fractura;"Reducción abierta de fractura o dislocación de los huesos largos que requiere fijación interna o externa; no incluye la colocación conjunta de prótesis";79.36
202;FX;Reducción abierta de fractura;"Reducción abierta de fractura o dislocación de los huesos largos que requiere fijación interna o externa; no incluye la colocación conjunta de prótesis";79.51
203;FX;Reducción abierta de fractura;"Reducción abierta de fractura o dislocación de los huesos largos que requiere fijación interna o externa; no incluye la colocación conjunta de prótesis";79.52
204;FX;Reducción abierta de fractura;"Reducción abierta de fractura o dislocación de los huesos largos que requiere fijación interna o externa; no incluye la colocación conjunta de prótesis";79.55
205;FX;Reducción abierta de fractura;"Reducción abierta de fractura o dislocación de los huesos largos que requiere fijación interna o externa; no incluye la colocación conjunta de prótesis";79.56
206;GAST;Cirugía gástrica;"Incisión o escisión del estómago; incluye la gastrectomía subtotal o total.No incluye la vagotomía y la funduplicatura";43.0
207;GAST;Cirugía gástrica;"Incisión o escisión del estómago; incluye la gastrectomía subtotal o total.No incluye la vagotomía y la funduplicatura";43.42
208;GAST;Cirugía gástrica;"Incisión o escisión del estómago; incluye la gastrectomía subtotal o total.No incluye la vagotomía y la funduplicatura";43.49
209;GAST;Cirugía gástrica;"Incisión o escisión del estómago; incluye la gastrectomía subtotal o total.No incluye la vagotomía y la funduplicatura";43.5
210;GAST;Cirugía gástrica;"Incisión o escisión del estómago; incluye la gastrectomía subtotal o total.No incluye la vagotomía y la funduplicatura";43.6
211;GAST;Cirugía gástrica;"Incisión o escisión del estómago; incluye la gastrectomía subtotal o total.No incluye la vagotomía y la funduplicatura";43.7
212;GAST;Cirugía gástrica;"Incisión o escisión del estómago; incluye la gastrectomía subtotal o total.No incluye la vagotomía y la funduplicatura";43.81
213;GAST;Cirugía gástrica;"Incisión o escisión del estómago; incluye la gastrectomía subtotal o total.No incluye la vagotomía y la funduplicatura";43.89
214;GAST;Cirugía gástrica;"Incisión o escisión del estómago; incluye la gastrectomía subtotal o total.No incluye la vagotomía y la funduplicatura";43.91
215;GAST;Cirugía gástrica;"Incisión o escisión del estómago; incluye la gastrectomía subtotal o total.No incluye la vagotomía y la funduplicatura";43.99
216;GAST;Cirugía gástrica;"Incisión o escisión del estómago; incluye la gastrectomía subtotal o total.No incluye la vagotomía y la funduplicatura";44.15
217;GAST;Cirugía gástrica;"Incisión o escisión del estómago; incluye la gastrectomía subtotal o total.No incluye la vagotomía y la funduplicatura";44.21
218;GAST;Cirugía gástrica;"Incisión o escisión del estómago; incluye la gastrectomía subtotal o total.No incluye la vagotomía y la funduplicatura";44.29
219;GAST;Cirugía gástrica;"Incisión o escisión del estómago; incluye la gastrectomía subtotal o total.No incluye la vagotomía y la funduplicatura";44.31
220;GAST;Cirugía gástrica;"Incisión o escisión del estómago; incluye la gastrectomía subtotal o total.No incluye la vagotomía y la funduplicatura";44.38-44.42
221;GAST;Cirugía gástrica;"Incisión o escisión del estómago; incluye la gastrectomía subtotal o total.No incluye la vagotomía y la funduplicatura";44.49
222;GAST;Cirugía gástrica;"Incisión o escisión del estómago; incluye la gastrectomía subtotal o total.No incluye la vagotomía y la funduplicatura";44.5
223;GAST;Cirugía gástrica;"Incisión o escisión del estómago; incluye la gastrectomía subtotal o total.No incluye la vagotomía y la funduplicatura";44.61-44.65
224;GAST;Cirugía gástrica;"Incisión o escisión del estómago; incluye la gastrectomía subtotal o total.No incluye la vagotomía y la funduplicatura";44.68-44.69
225;GAST;Cirugía gástrica;"Incisión o escisión del estómago; incluye la gastrectomía subtotal o total.No incluye la vagotomía y la funduplicatura";44.95-44.98
226;HER;Herniorrafia;Reparación de hernia inguinal, femoral, umbilical o de la pared abdominal anterior. No incluye la reparación de hernia diafragmática o hiatal, o hernias de otralocalización;17.11-17.13
227;HER;Herniorrafia;Reparación de hernia inguinal, femoral, umbilical o de la pared abdominal anterior. No incluye la reparación de hernia diafragmática o hiatal, o hernias de otralocalización;17.21-17.24
228;HER;Herniorrafia;Reparación de hernia inguinal, femoral, umbilical o de la pared abdominal anterior. No incluye la reparación de hernia diafragmática o hiatal, o hernias de otralocalización;53.00-53.05
229;HER;Herniorrafia;Reparación de hernia inguinal, femoral, umbilical o de la pared abdominal anterior. No incluye la reparación de hernia diafragmática o hiatal, o hernias de otralocalización;53.10-53.17
230;HER;Herniorrafia;Reparación de hernia inguinal, femoral, umbilical o de la pared abdominal anterior. No incluye la reparación de hernia diafragmática o hiatal, o hernias de otralocalización;53.21
231;HER;Herniorrafia;Reparación de hernia inguinal, femoral, umbilical o de la pared abdominal anterior. No incluye la reparación de hernia diafragmática o hiatal, o hernias de otralocalización;53.29
232;HER;Herniorrafia;Reparación de hernia inguinal, femoral, umbilical o de la pared abdominal anterior. No incluye la reparación de hernia diafragmática o hiatal, o hernias de otralocalización;53.31
233;HER;Herniorrafia;Reparación de hernia inguinal, femoral, umbilical o de la pared abdominal anterior. No incluye la reparación de hernia diafragmática o hiatal, o hernias de otralocalización;53.39
234;HER;Herniorrafia;Reparación de hernia inguinal, femoral, umbilical o de la pared abdominal anterior. No incluye la reparación de hernia diafragmática o hiatal, o hernias de otralocalización;53.41-53.43
235;HER;Herniorrafia;Reparación de hernia inguinal, femoral, umbilical o de la pared abdominal anterior. No incluye la reparación de hernia diafragmática o hiatal, o hernias de otralocalización;53.49
236;HER;Herniorrafia;Reparación de hernia inguinal, femoral, umbilical o de la pared abdominal anterior. No incluye la reparación de hernia diafragmática o hiatal, o hernias de otralocalización;53.51
237;HER;Herniorrafia;Reparación de hernia inguinal, femoral, umbilical o de la pared abdominal anterior. No incluye la reparación de hernia diafragmática o hiatal, o hernias de otralocalización;53.59
238;HER;Herniorrafia;Reparación de hernia inguinal, femoral, umbilical o de la pared abdominal anterior. No incluye la reparación de hernia diafragmática o hiatal, o hernias de otralocalización;53.61-53.63
239;HER;Herniorrafia;Reparación de hernia inguinal, femoral, umbilical o de la pared abdominal anterior. No incluye la reparación de hernia diafragmática o hiatal, o hernias de otralocalización;53.69
240;HPRO;Prótesis de cadera;Artroplastia de cadera;00.70-00.73
241;HPRO;Prótesis de cadera;Artroplastia de cadera;00.85-00.87
242;HPRO;Prótesis de cadera;Artroplastia de cadera;81.51-81.53
243;HTP;Trasplante cardiaco;Trasplante del corazón;37.51-37.55
244;HYST;Histerectomía abdominal;Extirpación del útero a través de una incisiónabdominal;68.31
245;HYST;Histerectomía abdominal;Extirpación del útero a través de una incisiónabdominal;68.39
246;HYST;Histerectomía abdominal;Extirpación del útero a través de una incisiónabdominal;68.41
247;HYST;Histerectomía abdominal;Extirpación del útero a través de una incisiónabdominal;68.49
248;HYST;Histerectomía abdominal;Extirpación del útero a través de una incisiónabdominal;68.61
249;HYST;Histerectomía abdominal;Extirpación del útero a través de una incisiónabdominal;68.69
250;KPRO;Prótesis de rodilla;Artroplastia de rodilla;00.80-00.84
251;KPRO;Prótesis de rodilla;Artroplastia de rodilla;81.54
252;KPRO;Prótesis de rodilla;Artroplastia de rodilla;81.55
253;KTP;Trasplante renal;Trasplante de riñón;55.61
254;KTP;Trasplante renal;Trasplante de riñón;55.69
255;LAM;Laminectomía;Exploración o descompresión de la columna vertebral mediante la escisión o la incisión en las vértebras;03.01
256;LAM;Laminectomía;Exploración o descompresión de la columna vertebral mediante la escisión o la incisión en las vértebras;03.02
257;LAM;Laminectomía;Exploración o descompresión de la columna vertebral mediante la escisión o la incisión en las vértebras;03.09
258;LAM;Laminectomía;Exploración o descompresión de la columna vertebral mediante la escisión o la incisión en las vértebras;80.50
259;LAM;Laminectomía;Exploración o descompresión de la columna vertebral mediante la escisión o la incisión en las vértebras;80.51
260;LAM;Laminectomía;Exploración o descompresión de la columna vertebral mediante la escisión o la incisión en las vértebras;80.53
261;LAM;Laminectomía;Exploración o descompresión de la columna vertebral mediante la escisión o la incisión en las vértebras;80.54
262;LAM;Laminectomía;Exploración o descompresión de la columna vertebral mediante la escisión o la incisión en las vértebras;80.59
263;LAM;Laminectomía;Exploración o descompresión de la columna vertebral mediante la escisión o la incisión en las vértebras;84.60-84.69
264;LAM;Laminectomía;Exploración o descompresión de la columna vertebral mediante la escisión o la incisión en las vértebras;84.80-84.85
265;LTP;Trasplante hepático;Trasplante de hígado;50.51
266;LTP;Trasplante hepático;Trasplante de hígado;50.59
267;NECK;Cirugía del cuello;Escisión mayor o incisión de la laringe y disección radical del cuello. No incluye cirugía del tiroides o paratiroides;30.1
268;NECK;Cirugía del cuello;Escisión mayor o incisión de la laringe y disección radical del cuello. No incluye cirugía del tiroides o paratiroides;30.21
269;NECK;Cirugía del cuello;Escisión mayor o incisión de la laringe y disección radical del cuello. No incluye cirugía del tiroides o paratiroides;30.22
270;NECK;Cirugía del cuello;Escisión mayor o incisión de la laringe y disección radical del cuello. No incluye cirugía del tiroides o paratiroides;30.29
271;NECK;Cirugía del cuello;Escisión mayor o incisión de la laringe y disección radical del cuello. No incluye cirugía del tiroides o paratiroides;30.3
272;NECK;Cirugía del cuello;Escisión mayor o incisión de la laringe y disección radical del cuello. No incluye cirugía del tiroides o paratiroides;30.4
273;NECK;Cirugía del cuello;Escisión mayor o incisión de la laringe y disección radical del cuello. No incluye cirugía del tiroides o paratiroides;31.45
274;NECK;Cirugía del cuello;Escisión mayor o incisión de la laringe y disección radical del cuello. No incluye cirugía del tiroides o paratiroides;40.40-40.42
275;NEPH;Cirugía renal;Resección o manipulación del riñón con o sin extirpación de estructuras relacionadas;55.01-55.02
276;NEPH;Cirugía renal;Resección o manipulación del riñón con o sin extirpación de estructuras relacionadas;55.11
277;NEPH;Cirugía renal;Resección o manipulación del riñón con o sin extirpación de estructuras relacionadas;55.12
278;NEPH;Cirugía renal;Resección o manipulación del riñón con o sin extirpación de estructuras relacionadas;55.24
279;NEPH;Cirugía renal;Resección o manipulación del riñón con o sin extirpación de estructuras relacionadas;55.31
280;NEPH;Cirugía renal;Resección o manipulación del riñón con o sin extirpación de estructuras relacionadas;55.32
281;NEPH;Cirugía renal;Resección o manipulación del riñón con o sin extirpación de estructuras relacionadas;55.34
282;NEPH;Cirugía renal;Resección o manipulación del riñón con o sin extirpación de estructuras relacionadas;55.35
283;NEPH;Cirugía renal;Resección o manipulación del riñón con o sin extirpación de estructuras relacionadas;55.39
284;NEPH;Cirugía renal;Resección o manipulación del riñón con o sin extirpación de estructuras relacionadas;55.4
285;NEPH;Cirugía renal;Resección o manipulación del riñón con o sin extirpación de estructuras relacionadas;55.51
286;NEPH;Cirugía renal;Resección o manipulación del riñón con o sin extirpación de estructuras relacionadas;55.52
287;NEPH;Cirugía renal;Resección o manipulación del riñón con o sin extirpación de estructuras relacionadas;55.54
288;NEPH;Cirugía renal;Resección o manipulación del riñón con o sin extirpación de estructuras relacionadas;55.91
289;OVRY;Cirugía ovárica;Operaciones sobre los ovarios y estructuras relacionadas;65.01
290;OVRY;Cirugía ovárica;Operaciones sobre los ovarios y estructuras relacionadas;65.09
291;OVRY;Cirugía ovárica;Operaciones sobre los ovarios y estructuras relacionadas;65.12
292;OVRY;Cirugía ovárica;Operaciones sobre los ovarios y estructuras relacionadas;65.13
293;OVRY;Cirugía ovárica;Operaciones sobre los ovarios y estructuras relacionadas;65.2165.25
294;OVRY;Cirugía ovárica;Operaciones sobre los ovarios y estructuras relacionadas;65.29
295;OVRY;Cirugía ovárica;Operaciones sobre los ovarios y estructuras relacionadas;65.31
296;OVRY;Cirugía ovárica;Operaciones sobre los ovarios y estructuras relacionadas;65.39
297;OVRY;Cirugía ovárica;Operaciones sobre los ovarios y estructuras relacionadas;65.41
298;OVRY;Cirugía ovárica;Operaciones sobre los ovarios y estructuras relacionadas;65.49
299;OVRY;Cirugía ovárica;Operaciones sobre los ovarios y estructuras relacionadas;65.51-65.54
300;OVRY;Cirugía ovárica;Operaciones sobre los ovarios y estructuras relacionadas;65.61-65.64
301;OVRY;Cirugía ovárica;Operaciones sobre los ovarios y estructuras relacionadas;65.71-65.76
302;OVRY;Cirugía ovárica;Operaciones sobre los ovarios y estructuras relacionadas;65.79
303;OVRY;Cirugía ovárica;Operaciones sobre los ovarios y estructuras relacionadas;65.81
304;OVRY;Cirugía ovárica;Operaciones sobre los ovarios y estructuras relacionadas;65.89
305;OVRY;Cirugía ovárica;Operaciones sobre los ovarios y estructuras relacionadas;65.92-65.95
306;OVRY;Cirugía ovárica;Operaciones sobre los ovarios y estructuras relacionadas;65.99
307;PACE;Cirugía de marcapasos;Inserción, manipulación o recambio de marcapasos;00.50-00.54
308;PACE;Cirugía de marcapasos;Inserción, manipulación o recambio de marcapasos;17.51
309;PACE;Cirugía de marcapasos;Inserción, manipulación o recambio de marcapasos;17.52
310;PACE;Cirugía de marcapasos;Inserción, manipulación o recambio de marcapasos;37.7037.77
311;PACE;Cirugía de marcapasos;Inserción, manipulación o recambio de marcapasos;37.79-37.83
312;PACE;Cirugía de marcapasos;Inserción, manipulación o recambio de marcapasos;37.85-37.87
313;PACE;Cirugía de marcapasos;Inserción, manipulación o recambio de marcapasos;37.89
314;PACE;Cirugía de marcapasos;Inserción, manipulación o recambio de marcapasos;37.94-37.99
315;PRST;Cirugía prostática;Escisión prostática suprapúbica, retropúbica, radical o perineal. No incluye la reseccióntransuretral;60.12
316;PRST;Cirugía prostática;Escisión prostática suprapúbica, retropúbica, radical o perineal. No incluye la reseccióntransuretral;60.3
317;PRST;Cirugía prostática;Escisión prostática suprapúbica, retropúbica, radical o perineal. No incluye la reseccióntransuretral;60.4
318;PRST;Cirugía prostática;Escisión prostática suprapúbica, retropúbica, radical o perineal. No incluye la reseccióntransuretral;60.5
319;PRST;Cirugía prostática;Escisión prostática suprapúbica, retropúbica, radical o perineal. No incluye la reseccióntransuretral;60.61
320;PRST;Cirugía prostática;Escisión prostática suprapúbica, retropúbica, radical o perineal. No incluye la reseccióntransuretral;60.62
321;PRST;Cirugía prostática;Escisión prostática suprapúbica, retropúbica, radical o perineal. No incluye la reseccióntransuretral;60.69
322;PVBY;Cirugía arterial periférica de “bypass”;Intervenciones de “bypass” en arterias periféricas;39.29
323;REC;Cirugía rectal;Operaciones sobre el recto;48.25
324;REC;Cirugía rectal;Operaciones sobre el recto;48.35
325;REC;Cirugía rectal;Operaciones sobre el recto;48.40
326;REC;Cirugía rectal;Operaciones sobre el recto;48.42
327;REC;Cirugía rectal;Operaciones sobre el recto;48.43
328;REC;Cirugía rectal;Operaciones sobre el recto;48.49-48.52
329;REC;Cirugía rectal;Operaciones sobre el recto;48.59
330;REC;Cirugía rectal;Operaciones sobre el recto;48.61-48.65
331;REC;Cirugía rectal;Operaciones sobre el recto;48.69
332;REC;Cirugía rectal;Operaciones sobre el recto;48.74
333;RFUSN;Refusiónvertebral;Fusión devértebras;81.30-81.39
334;SB;Cirugía del intestino delgado;Incisión o resección del intestino delgado. No incluye la anastomosis entre intestino delgado y grueso;45.01
335;SB;Cirugía del intestino delgado;Incisión o resección del intestino delgado. No incluye la anastomosis entre intestino delgado y grueso;45.02
336;SB;Cirugía del intestino delgado;Incisión o resección del intestino delgado. No incluye la anastomosis entre intestino delgado y grueso;45.15
337;SB;Cirugía del intestino delgado;Incisión o resección del intestino delgado. No incluye la anastomosis entre intestino delgado y grueso;45.31-45.34
338;SB;Cirugía del intestino delgado;Incisión o resección del intestino delgado. No incluye la anastomosis entre intestino delgado y grueso;45.51
339;SB;Cirugía del intestino delgado;Incisión o resección del intestino delgado. No incluye la anastomosis entre intestino delgado y grueso;45.61-45.63
340;SB;Cirugía del intestino delgado;Incisión o resección del intestino delgado. No incluye la anastomosis entre intestino delgado y grueso;45.91
341;SB;Cirugía del intestino delgado;Incisión o resección del intestino delgado. No incluye la anastomosis entre intestino delgado y grueso;46.01
342;SB;Cirugía del intestino delgado;Incisión o resección del intestino delgado. No incluye la anastomosis entre intestino delgado y grueso;46.02
343;SB;Cirugía del intestino delgado;Incisión o resección del intestino delgado. No incluye la anastomosis entre intestino delgado y grueso;46.20-46.24
344;SB;Cirugía del intestino delgado;Incisión o resección del intestino delgado. No incluye la anastomosis entre intestino delgado y grueso;46.31
345;SB;Cirugía del intestino delgado;Incisión o resección del intestino delgado. No incluye la anastomosis entre intestino delgado y grueso;46.39
346;SB;Cirugía del intestino delgado;Incisión o resección del intestino delgado. No incluye la anastomosis entre intestino delgado y grueso;46.41
347;SB;Cirugía del intestino delgado;Incisión o resección del intestino delgado. No incluye la anastomosis entre intestino delgado y grueso;46.51
348;SB;Cirugía del intestino delgado;Incisión o resección del intestino delgado. No incluye la anastomosis entre intestino delgado y grueso;46.71-46.74
349;SB;Cirugía del intestino delgado;Incisión o resección del intestino delgado. No incluye la anastomosis entre intestino delgado y grueso;46.93
350;SPLE;Cirugía esplénica;Resección o manipulación del bazo;41.2
351;SPLE;Cirugía esplénica;Resección o manipulación del bazo;41.33
352;SPLE;Cirugía esplénica;Resección o manipulación del bazo;41.41-41.43
353;SPLE;Cirugía esplénica;Resección o manipulación del bazo;41.5
354;SPLE;Cirugía esplénica;Resección o manipulación del bazo;41.93
355;SPLE;Cirugía esplénica;Resección o manipulación del bazo;41.95
356;SPLE;Cirugía esplénica;Resección o manipulación del bazo;41.99
357;THOR;Cirugía torácica;"Cirugía torácica no cardíaca y no vascular; incluye neumectomía y reparación de hernia diafragmática o hiatal";32.09
358;THOR;Cirugía torácica;"Cirugía torácica no cardíaca y no vascular; incluye neumectomía y reparación de hernia diafragmática o hiatal";32.1
359;THOR;Cirugía torácica;"Cirugía torácica no cardíaca y no vascular; incluye neumectomía y reparación de hernia diafragmática o hiatal";32.20
360;THOR;Cirugía torácica;"Cirugía torácica no cardíaca y no vascular; incluye neumectomía y reparación de hernia diafragmática o hiatal";32.21-32.23
361;THOR;Cirugía torácica;"Cirugía torácica no cardíaca y no vascular; incluye neumectomía y reparación de hernia diafragmática o hiatal";32.25
362;THOR;Cirugía torácica;"Cirugía torácica no cardíaca y no vascular; incluye neumectomía y reparación de hernia diafragmática o hiatal";32.26
363;THOR;Cirugía torácica;"Cirugía torácica no cardíaca y no vascular; incluye neumectomía y reparación de hernia diafragmática o hiatal";32.29
364;THOR;Cirugía torácica;"Cirugía torácica no cardíaca y no vascular; incluye neumectomía y reparación de hernia diafragmática o hiatal";32.30
365;THOR;Cirugía torácica;"Cirugía torácica no cardíaca y no vascular; incluye neumectomía y reparación de hernia diafragmática o hiatal";32.39
366;THOR;Cirugía torácica;"Cirugía torácica no cardíaca y no vascular; incluye neumectomía y reparación de hernia diafragmática o hiatal";32.41
367;THOR;Cirugía torácica;"Cirugía torácica no cardíaca y no vascular; incluye neumectomía y reparación de hernia diafragmática o hiatal";32.49
368;THOR;Cirugía torácica;"Cirugía torácica no cardíaca y no vascular; incluye neumectomía y reparación de hernia diafragmática o hiatal";32.50
369;THOR;Cirugía torácica;"Cirugía torácica no cardíaca y no vascular; incluye neumectomía y reparación de hernia diafragmática o hiatal";32.59
370;THOR;Cirugía torácica;"Cirugía torácica no cardíaca y no vascular; incluye neumectomía y reparación de hernia diafragmática o hiatal";32.6
371;THOR;Cirugía torácica;"Cirugía torácica no cardíaca y no vascular; incluye neumectomía y reparación de hernia diafragmática o hiatal";32.9
372;THOR;Cirugía torácica;"Cirugía torácica no cardíaca y no vascular; incluye neumectomía y reparación de hernia diafragmática o hiatal";33.0
373;THOR;Cirugía torácica;"Cirugía torácica no cardíaca y no vascular; incluye neumectomía y reparación de hernia diafragmática o hiatal";33.1
374;THOR;Cirugía torácica;"Cirugía torácica no cardíaca y no vascular; incluye neumectomía y reparación de hernia diafragmática o hiatal";33.20
375;THOR;Cirugía torácica;"Cirugía torácica no cardíaca y no vascular; incluye neumectomía y reparación de hernia diafragmática o hiatal";33.25
376;THOR;Cirugía torácica;"Cirugía torácica no cardíaca y no vascular; incluye neumectomía y reparación de hernia diafragmática o hiatal";33.28
377;THOR;Cirugía torácica;"Cirugía torácica no cardíaca y no vascular; incluye neumectomía y reparación de hernia diafragmática o hiatal";33.31-33.34
378;THOR;Cirugía torácica;"Cirugía torácica no cardíaca y no vascular; incluye neumectomía y reparación de hernia diafragmática o hiatal";33.39
379;THOR;Cirugía torácica;"Cirugía torácica no cardíaca y no vascular; incluye neumectomía y reparación de hernia diafragmática o hiatal";33.41-33.43
380;THOR;Cirugía torácica;"Cirugía torácica no cardíaca y no vascular; incluye neumectomía y reparación de hernia diafragmática o hiatal";33.48
381;THOR;Cirugía torácica;"Cirugía torácica no cardíaca y no vascular; incluye neumectomía y reparación de hernia diafragmática o hiatal";33.49
382;THOR;Cirugía torácica;"Cirugía torácica no cardíaca y no vascular; incluye neumectomía y reparación de hernia diafragmática o hiatal";33.98
383;THOR;Cirugía torácica;"Cirugía torácica no cardíaca y no vascular; incluye neumectomía y reparación de hernia diafragmática o hiatal";33.99
384;THOR;Cirugía torácica;"Cirugía torácica no cardíaca y no vascular; incluye neumectomía y reparación de hernia diafragmática o hiatal";34.01-34.03
385;THOR;Cirugía torácica;"Cirugía torácica no cardíaca y no vascular; incluye neumectomía y reparación de hernia diafragmática o hiatal";34.06
386;THOR;Cirugía torácica;"Cirugía torácica no cardíaca y no vascular; incluye neumectomía y reparación de hernia diafragmática o hiatal";34.1
387;THOR;Cirugía torácica;"Cirugía torácica no cardíaca y no vascular; incluye neumectomía y reparación de hernia diafragmática o hiatal";34.20
388;THOR;Cirugía torácica;"Cirugía torácica no cardíaca y no vascular; incluye neumectomía y reparación de hernia diafragmática o hiatal";34.26
389;THOR;Cirugía torácica;"Cirugía torácica no cardíaca y no vascular; incluye neumectomía y reparación de hernia diafragmática o hiatal";34.3
390;THOR;Cirugía torácica;"Cirugía torácica no cardíaca y no vascular; incluye neumectomía y reparación de hernia diafragmática o hiatal";34.4
391;THOR;Cirugía torácica;"Cirugía torácica no cardíaca y no vascular; incluye neumectomía y reparación de hernia diafragmática o hiatal";34.51
392;THOR;Cirugía torácica;"Cirugía torácica no cardíaca y no vascular; incluye neumectomía y reparación de hernia diafragmática o hiatal";34.52
393;THOR;Cirugía torácica;"Cirugía torácica no cardíaca y no vascular; incluye neumectomía y reparación de hernia diafragmática o hiatal";34.59
394;THOR;Cirugía torácica;"Cirugía torácica no cardíaca y no vascular; incluye neumectomía y reparación de hernia diafragmática o hiatal";34.6
395;THOR;Cirugía torácica;"Cirugía torácica no cardíaca y no vascular; incluye neumectomía y reparación de hernia diafragmática o hiatal";34.81-34.84
396;THOR;Cirugía torácica;"Cirugía torácica no cardíaca y no vascular; incluye neumectomía y reparación de hernia diafragmática o hiatal";34.89
397;THOR;Cirugía torácica;"Cirugía torácica no cardíaca y no vascular; incluye neumectomía y reparación de hernia diafragmática o hiatal";34.93
398;THOR;Cirugía torácica;"Cirugía torácica no cardíaca y no vascular; incluye neumectomía y reparación de hernia diafragmática o hiatal";34.99
399;THOR;Cirugía torácica;"Cirugía torácica no cardíaca y no vascular; incluye neumectomía y reparación de hernia diafragmática o hiatal";53.80-53.84
400;THYR;Cirugía tiroidea y paratiroidea;Resección o manipulación del tiroides y/o paratiroides;06.02
401;THYR;Cirugía tiroidea y paratiroidea;Resección o manipulación del tiroides y/o paratiroides;06.09
402;THYR;Cirugía tiroidea y paratiroidea;Resección o manipulación del tiroides y/o paratiroides;06.12
403;THYR;Cirugía tiroidea y paratiroidea;Resección o manipulación del tiroides y/o paratiroides;06.2
404;THYR;Cirugía tiroidea y paratiroidea;Resección o manipulación del tiroides y/o paratiroides;06.31
405;THYR;Cirugía tiroidea y paratiroidea;Resección o manipulación del tiroides y/o paratiroides;06.39
406;THYR;Cirugía tiroidea y paratiroidea;Resección o manipulación del tiroides y/o paratiroides;06.4
407;THYR;Cirugía tiroidea y paratiroidea;Resección o manipulación del tiroides y/o paratiroides;06.50-06.52
408;THYR;Cirugía tiroidea y paratiroidea;Resección o manipulación del tiroides y/o paratiroides;06.6
409;THYR;Cirugía tiroidea y paratiroidea;Resección o manipulación del tiroides y/o paratiroides;06.7
410;THYR;Cirugía tiroidea y paratiroidea;Resección o manipulación del tiroides y/o paratiroides;06.81
411;THYR;Cirugía tiroidea y paratiroidea;Resección o manipulación del tiroides y/o paratiroides;06.89
412;THYR;Cirugía tiroidea y paratiroidea;Resección o manipulación del tiroides y/o paratiroides;06.91-06.95
413;THYR;Cirugía tiroidea y paratiroidea;Resección o manipulación del tiroides y/o paratiroides;06.98
414;THYR;Cirugía tiroidea y paratiroidea;Resección o manipulación del tiroides y/o paratiroides;06.99
415;VHYS;Histerectomía vaginal;Extirpación del útero a través de la vagina o de incisión en elperiné;68.51
416;VHYS;Histerectomía vaginal;Extirpación del útero a través de la vagina o de incisión en elperiné;68.59
417;VHYS;Histerectomía vaginal;Extirpación del útero a través de la vagina o de incisión en elperiné;68.71
418;VHYS;Histerectomía vaginal;Extirpación del útero a través de la vagina o de incisión en elperiné;68.79
419;VSHN;Derivación (shunt) ventricular;Ventriculostomía e intervenciones de derivación o shunt ventricular, incluyendo la revisión y la retirada de la derivación;02.2
420;VSHN;Derivación (shunt) ventricular;Ventriculostomía e intervenciones de derivación o shunt ventricular, incluyendo la revisión y la retirada de la derivación;02.31
421;VSHN;Derivación (shunt) ventricular;Ventriculostomía e intervenciones de derivación o shunt ventricular, incluyendo la revisión y la retirada de la derivación;02.32
422;VSHN;Derivación (shunt) ventricular;Ventriculostomía e intervenciones de derivación o shunt ventricular, incluyendo la revisión y la retirada de la derivación;02.33
423;VSHN;Derivación (shunt) ventricular;Ventriculostomía e intervenciones de derivación o shunt ventricular, incluyendo la revisión y la retirada de la derivación;02.34
424;VSHN;Derivación (shunt) ventricular;Ventriculostomía e intervenciones de derivación o shunt ventricular, incluyendo la revisión y la retirada de la derivación;02.35
425;VSHN;Derivación (shunt) ventricular;Ventriculostomía e intervenciones de derivación o shunt ventricular, incluyendo la revisión y la retirada de la derivación;02.39
426;VSHN;Derivación (shunt) ventricular;Ventriculostomía e intervenciones de derivación o shunt ventricular, incluyendo la revisión y la retirada de la derivación;02.42
427;VSHN;Derivación (shunt) ventricular;Ventriculostomía e intervenciones de derivación o shunt ventricular, incluyendo la revisión y la retirada de la derivación;02.43
428;VSHN;Derivación (shunt) ventricular;Ventriculostomía e intervenciones de derivación o shunt ventricular, incluyendo la revisión y la retirada de la derivación;54.95
429;XLAP;Laparotomía exploratoria;"Operaciones abdominales que implican una incisión en la paredabdominal para acceder a la cavidad abdominal; procedimientos diagnósticos para acceder a la región abdominal";53.71
430;XLAP;Laparotomía exploratoria;"Operaciones abdominales que implican una incisión en la paredabdominal para acceder a la cavidad abdominal; procedimientos diagnósticos para acceder a la región abdominal";53.72
431;XLAP;Laparotomía exploratoria;"Operaciones abdominales que implican una incisión en la paredabdominal para acceder a la cavidad abdominal; procedimientos diagnósticos para acceder a la región abdominal";53.75
432;XLAP;Laparotomía exploratoria;"Operaciones abdominales que implican una incisión en la paredabdominal para acceder a la cavidad abdominal; procedimientos diagnósticos para acceder a la región abdominal";54.0
433;XLAP;Laparotomía exploratoria;"Operaciones abdominales que implican una incisión en la paredabdominal para acceder a la cavidad abdominal; procedimientos diagnósticos para acceder a la región abdominal";54.11
434;XLAP;Laparotomía exploratoria;"Operaciones abdominales que implican una incisión en la paredabdominal para acceder a la cavidad abdominal; procedimientos diagnósticos para acceder a la región abdominal";54.12
435;XLAP;Laparotomía exploratoria;"Operaciones abdominales que implican una incisión en la paredabdominal para acceder a la cavidad abdominal; procedimientos diagnósticos para acceder a la región abdominal";54.19
436;XLAP;Laparotomía exploratoria;"Operaciones abdominales que implican una incisión en la paredabdominal para acceder a la cavidad abdominal; procedimientos diagnósticos para acceder a la región abdominal";54.3
437;XLAP;Laparotomía exploratoria;"Operaciones abdominales que implican una incisión en la paredabdominal para acceder a la cavidad abdominal; procedimientos diagnósticos para acceder a la región abdominal";54.4
438;XLAP;Laparotomía exploratoria;"Operaciones abdominales que implican una incisión en la paredabdominal para acceder a la cavidad abdominal; procedimientos diagnósticos para acceder a la región abdominal";54.51
439;XLAP;Laparotomía exploratoria;"Operaciones abdominales que implican una incisión en la paredabdominal para acceder a la cavidad abdominal; procedimientos diagnósticos para acceder a la región abdominal";54.59
440;XLAP;Laparotomía exploratoria;"Operaciones abdominales que implican una incisión en la paredabdominal para acceder a la cavidad abdominal; procedimientos diagnósticos para acceder a la región abdominal";54.61
441;XLAP;Laparotomía exploratoria;"Operaciones abdominales que implican una incisión en la paredabdominal para acceder a la cavidad abdominal; procedimientos diagnósticos para acceder a la región abdominal";54.63
442;XLAP;Laparotomía exploratoria;"Operaciones abdominales que implican una incisión en la paredabdominal para acceder a la cavidad abdominal; procedimientos diagnósticos para acceder a la región abdominal";54.64
443;XLAP;Laparotomía exploratoria;"Operaciones abdominales que implican una incisión en la paredabdominal para acceder a la cavidad abdominal; procedimientos diagnósticos para acceder a la región abdominal";54.71
444;XLAP;Laparotomía exploratoria;"Operaciones abdominales que implican una incisión en la paredabdominal para acceder a la cavidad abdominal; procedimientos diagnósticos para acceder a la región abdominal";54.75
445;XLAP;Laparotomía exploratoria;"Operaciones abdominales que implican una incisión en la paredabdominal para acceder a la cavidad abdominal; procedimientos diagnósticos para acceder a la región abdominal";54.92
446;XLAP;Laparotomía exploratoria;"Operaciones abdominales que implican una incisión en la paredabdominal para acceder a la cavidad abdominal; procedimientos diagnósticos para acceder a la región abdominal";54.93
